bookName;author
Book Name 1;Author 1
Book Name 2;Author 2
Book Name 3;Author 3
Book Name 4;Author 4
Book Name 5;Author 5
Book Name 6;Author 6
Book Name 7;Author 7
Book Name 8;Author 8
Book Name 9;Author 9
Book Name 10;Author 10
Book Name 11;Author 11
Book Name 12;Author 12
Book Name 13;Author 13
Book Name 14;Author 14
Book Name 15;Author 15
Book Name 16;Author 16
Book Name 17;Author 17
Book Name 18;Author 18
Book Name 19;Author 19
Book Name 20;Author 20
Book Name 21;Author 21
Book Name 22;Author 22
Book Name 23;Author 23
Book Name 24;Author 24
Book Name 25;Author 25
Book Name 26;Author 26
Book Name 27;Author 27
Book Name 28;Author 28
Book Name 29;Author 29
Book Name 30;Author 30
Book Name 31;Author 31
Book Name 32;Author 32
Book Name 33;Author 33
Book Name 34;Author 34
Book Name 35;Author 35
Book Name 36;Author 36
Book Name 37;Author 37
Book Name 38;Author 38
Book Name 39;Author 39
Book Name 40;Author 40
Book Name 41;Author 41
Book Name 42;Author 42
Book Name 43;Author 43
Book Name 44;Author 44
Book Name 45;Author 45
Book Name 46;Author 46
Book Name 47;Author 47
Book Name 48;Author 48
Book Name 49;Author 49
Book Name 50;Author 50
Book Name 51;Author 51
Book Name 52;Author 52
Book Name 53;Author 53
Book Name 54;Author 54
Book Name 55;Author 55
Book Name 56;Author 56
Book Name 57;Author 57
Book Name 58;Author 58
Book Name 59;Author 59
Book Name 60;Author 60
Book Name 61;Author 61
Book Name 62;Author 62
Book Name 63;Author 63
Book Name 64;Author 64
Book Name 65;Author 65
Book Name 66;Author 66
Book Name 67;Author 67
Book Name 68;Author 68
Book Name 69;Author 69
Book Name 70;Author 70
Book Name 71;Author 71
Book Name 72;Author 72
Book Name 73;Author 73
Book Name 74;Author 74
Book Name 75;Author 75
Book Name 76;Author 76
Book Name 77;Author 77
Book Name 78;Author 78
Book Name 79;Author 79
Book Name 80;Author 80
Book Name 81;Author 81
Book Name 82;Author 82
Book Name 83;Author 83
Book Name 84;Author 84
Book Name 85;Author 85
Book Name 86;Author 86
Book Name 87;Author 87
Book Name 88;Author 88
Book Name 89;Author 89
Book Name 90;Author 90
Book Name 91;Author 91
Book Name 92;Author 92
Book Name 93;Author 93
Book Name 94;Author 94
Book Name 95;Author 95
Book Name 96;Author 96
Book Name 97;Author 97
Book Name 98;Author 98
Book Name 99;Author 99
Book Name 100;Author 100
Book Name 101;Author 101
Book Name 102;Author 102
Book Name 103;Author 103
Book Name 104;Author 104
Book Name 105;Author 105
Book Name 106;Author 106
Book Name 107;Author 107
Book Name 108;Author 108
Book Name 109;Author 109
Book Name 110;Author 110
Book Name 111;Author 111
Book Name 112;Author 112
Book Name 113;Author 113
Book Name 114;Author 114
Book Name 115;Author 115
Book Name 116;Author 116
Book Name 117;Author 117
Book Name 118;Author 118
Book Name 119;Author 119
Book Name 120;Author 120
Book Name 121;Author 121
Book Name 122;Author 122
Book Name 123;Author 123
Book Name 124;Author 124
Book Name 125;Author 125
Book Name 126;Author 126
Book Name 127;Author 127
Book Name 128;Author 128
Book Name 129;Author 129
Book Name 130;Author 130
Book Name 131;Author 131
Book Name 132;Author 132
Book Name 133;Author 133
Book Name 134;Author 134
Book Name 135;Author 135
Book Name 136;Author 136
Book Name 137;Author 137
Book Name 138;Author 138
Book Name 139;Author 139
Book Name 140;Author 140
Book Name 141;Author 141
Book Name 142;Author 142
Book Name 143;Author 143
Book Name 144;Author 144
Book Name 145;Author 145
Book Name 146;Author 146
Book Name 147;Author 147
Book Name 148;Author 148
Book Name 149;Author 149
Book Name 150;Author 150
Book Name 151;Author 151
Book Name 152;Author 152
Book Name 153;Author 153
Book Name 154;Author 154
Book Name 155;Author 155
Book Name 156;Author 156
Book Name 157;Author 157
Book Name 158;Author 158
Book Name 159;Author 159
Book Name 160;Author 160
Book Name 161;Author 161
Book Name 162;Author 162
Book Name 163;Author 163
Book Name 164;Author 164
Book Name 165;Author 165
Book Name 166;Author 166
Book Name 167;Author 167
Book Name 168;Author 168
Book Name 169;Author 169
Book Name 170;Author 170
Book Name 171;Author 171
Book Name 172;Author 172
Book Name 173;Author 173
Book Name 174;Author 174
Book Name 175;Author 175
Book Name 176;Author 176
Book Name 177;Author 177
Book Name 178;Author 178
Book Name 179;Author 179
Book Name 180;Author 180
Book Name 181;Author 181
Book Name 182;Author 182
Book Name 183;Author 183
Book Name 184;Author 184
Book Name 185;Author 185
Book Name 186;Author 186
Book Name 187;Author 187
Book Name 188;Author 188
Book Name 189;Author 189
Book Name 190;Author 190
Book Name 191;Author 191
Book Name 192;Author 192
Book Name 193;Author 193
Book Name 194;Author 194
Book Name 195;Author 195
Book Name 196;Author 196
Book Name 197;Author 197
Book Name 198;Author 198
Book Name 199;Author 199
Book Name 200;Author 200
Book Name 201;Author 201
Book Name 202;Author 202
Book Name 203;Author 203
Book Name 204;Author 204
Book Name 205;Author 205
Book Name 206;Author 206
Book Name 207;Author 207
Book Name 208;Author 208
Book Name 209;Author 209
Book Name 210;Author 210
Book Name 211;Author 211
Book Name 212;Author 212
Book Name 213;Author 213
Book Name 214;Author 214
Book Name 215;Author 215
Book Name 216;Author 216
Book Name 217;Author 217
Book Name 218;Author 218
Book Name 219;Author 219
Book Name 220;Author 220
Book Name 221;Author 221
Book Name 222;Author 222
Book Name 223;Author 223
Book Name 224;Author 224
Book Name 225;Author 225
Book Name 226;Author 226
Book Name 227;Author 227
Book Name 228;Author 228
Book Name 229;Author 229
Book Name 230;Author 230
Book Name 231;Author 231
Book Name 232;Author 232
Book Name 233;Author 233
Book Name 234;Author 234
Book Name 235;Author 235
Book Name 236;Author 236
Book Name 237;Author 237
Book Name 238;Author 238
Book Name 239;Author 239
Book Name 240;Author 240
Book Name 241;Author 241
Book Name 242;Author 242
Book Name 243;Author 243
Book Name 244;Author 244
Book Name 245;Author 245
Book Name 246;Author 246
Book Name 247;Author 247
Book Name 248;Author 248
Book Name 249;Author 249
Book Name 250;Author 250
Book Name 251;Author 251
Book Name 252;Author 252
Book Name 253;Author 253
Book Name 254;Author 254
Book Name 255;Author 255
Book Name 256;Author 256
Book Name 257;Author 257
Book Name 258;Author 258
Book Name 259;Author 259
Book Name 260;Author 260
Book Name 261;Author 261
Book Name 262;Author 262
Book Name 263;Author 263
Book Name 264;Author 264
Book Name 265;Author 265
Book Name 266;Author 266
Book Name 267;Author 267
Book Name 268;Author 268
Book Name 269;Author 269
Book Name 270;Author 270
Book Name 271;Author 271
Book Name 272;Author 272
Book Name 273;Author 273
Book Name 274;Author 274
Book Name 275;Author 275
Book Name 276;Author 276
Book Name 277;Author 277
Book Name 278;Author 278
Book Name 279;Author 279
Book Name 280;Author 280
Book Name 281;Author 281
Book Name 282;Author 282
Book Name 283;Author 283
Book Name 284;Author 284
Book Name 285;Author 285
Book Name 286;Author 286
Book Name 287;Author 287
Book Name 288;Author 288
Book Name 289;Author 289
Book Name 290;Author 290
Book Name 291;Author 291
Book Name 292;Author 292
Book Name 293;Author 293
Book Name 294;Author 294
Book Name 295;Author 295
Book Name 296;Author 296
Book Name 297;Author 297
Book Name 298;Author 298
Book Name 299;Author 299
Book Name 300;Author 300
Book Name 301;Author 301
Book Name 302;Author 302
Book Name 303;Author 303
Book Name 304;Author 304
Book Name 305;Author 305
Book Name 306;Author 306
Book Name 307;Author 307
Book Name 308;Author 308
Book Name 309;Author 309
Book Name 310;Author 310
Book Name 311;Author 311
Book Name 312;Author 312
Book Name 313;Author 313
Book Name 314;Author 314
Book Name 315;Author 315
Book Name 316;Author 316
Book Name 317;Author 317
Book Name 318;Author 318
Book Name 319;Author 319
Book Name 320;Author 320
Book Name 321;Author 321
Book Name 322;Author 322
Book Name 323;Author 323
Book Name 324;Author 324
Book Name 325;Author 325
Book Name 326;Author 326
Book Name 327;Author 327
Book Name 328;Author 328
Book Name 329;Author 329
Book Name 330;Author 330
Book Name 331;Author 331
Book Name 332;Author 332
Book Name 333;Author 333
Book Name 334;Author 334
Book Name 335;Author 335
Book Name 336;Author 336
Book Name 337;Author 337
Book Name 338;Author 338
Book Name 339;Author 339
Book Name 340;Author 340
Book Name 341;Author 341
Book Name 342;Author 342
Book Name 343;Author 343
Book Name 344;Author 344
Book Name 345;Author 345
Book Name 346;Author 346
Book Name 347;Author 347
Book Name 348;Author 348
Book Name 349;Author 349
Book Name 350;Author 350
Book Name 351;Author 351
Book Name 352;Author 352
Book Name 353;Author 353
Book Name 354;Author 354
Book Name 355;Author 355
Book Name 356;Author 356
Book Name 357;Author 357
Book Name 358;Author 358
Book Name 359;Author 359
Book Name 360;Author 360
Book Name 361;Author 361
Book Name 362;Author 362
Book Name 363;Author 363
Book Name 364;Author 364
Book Name 365;Author 365
Book Name 366;Author 366
Book Name 367;Author 367
Book Name 368;Author 368
Book Name 369;Author 369
Book Name 370;Author 370
Book Name 371;Author 371
Book Name 372;Author 372
Book Name 373;Author 373
Book Name 374;Author 374
Book Name 375;Author 375
Book Name 376;Author 376
Book Name 377;Author 377
Book Name 378;Author 378
Book Name 379;Author 379
Book Name 380;Author 380
Book Name 381;Author 381
Book Name 382;Author 382
Book Name 383;Author 383
Book Name 384;Author 384
Book Name 385;Author 385
Book Name 386;Author 386
Book Name 387;Author 387
Book Name 388;Author 388
Book Name 389;Author 389
Book Name 390;Author 390
Book Name 391;Author 391
Book Name 392;Author 392
Book Name 393;Author 393
Book Name 394;Author 394
Book Name 395;Author 395
Book Name 396;Author 396
Book Name 397;Author 397
Book Name 398;Author 398
Book Name 399;Author 399
Book Name 400;Author 400
Book Name 401;Author 401
Book Name 402;Author 402
Book Name 403;Author 403
Book Name 404;Author 404
Book Name 405;Author 405
Book Name 406;Author 406
Book Name 407;Author 407
Book Name 408;Author 408
Book Name 409;Author 409
Book Name 410;Author 410
Book Name 411;Author 411
Book Name 412;Author 412
Book Name 413;Author 413
Book Name 414;Author 414
Book Name 415;Author 415
Book Name 416;Author 416
Book Name 417;Author 417
Book Name 418;Author 418
Book Name 419;Author 419
Book Name 420;Author 420
Book Name 421;Author 421
Book Name 422;Author 422
Book Name 423;Author 423
Book Name 424;Author 424
Book Name 425;Author 425
Book Name 426;Author 426
Book Name 427;Author 427
Book Name 428;Author 428
Book Name 429;Author 429
Book Name 430;Author 430
Book Name 431;Author 431
Book Name 432;Author 432
Book Name 433;Author 433
Book Name 434;Author 434
Book Name 435;Author 435
Book Name 436;Author 436
Book Name 437;Author 437
Book Name 438;Author 438
Book Name 439;Author 439
Book Name 440;Author 440
Book Name 441;Author 441
Book Name 442;Author 442
Book Name 443;Author 443
Book Name 444;Author 444
Book Name 445;Author 445
Book Name 446;Author 446
Book Name 447;Author 447
Book Name 448;Author 448
Book Name 449;Author 449
Book Name 450;Author 450
Book Name 451;Author 451
Book Name 452;Author 452
Book Name 453;Author 453
Book Name 454;Author 454
Book Name 455;Author 455
Book Name 456;Author 456
Book Name 457;Author 457
Book Name 458;Author 458
Book Name 459;Author 459
Book Name 460;Author 460
Book Name 461;Author 461
Book Name 462;Author 462
Book Name 463;Author 463
Book Name 464;Author 464
Book Name 465;Author 465
Book Name 466;Author 466
Book Name 467;Author 467
Book Name 468;Author 468
Book Name 469;Author 469
Book Name 470;Author 470
Book Name 471;Author 471
Book Name 472;Author 472
Book Name 473;Author 473
Book Name 474;Author 474
Book Name 475;Author 475
Book Name 476;Author 476
Book Name 477;Author 477
Book Name 478;Author 478
Book Name 479;Author 479
Book Name 480;Author 480
Book Name 481;Author 481
Book Name 482;Author 482
Book Name 483;Author 483
Book Name 484;Author 484
Book Name 485;Author 485
Book Name 486;Author 486
Book Name 487;Author 487
Book Name 488;Author 488
Book Name 489;Author 489
Book Name 490;Author 490
Book Name 491;Author 491
Book Name 492;Author 492
Book Name 493;Author 493
Book Name 494;Author 494
Book Name 495;Author 495
Book Name 496;Author 496
Book Name 497;Author 497
Book Name 498;Author 498
Book Name 499;Author 499
Book Name 500;Author 500
Book Name 501;Author 501
Book Name 502;Author 502
Book Name 503;Author 503
Book Name 504;Author 504
Book Name 505;Author 505
Book Name 506;Author 506
Book Name 507;Author 507
Book Name 508;Author 508
Book Name 509;Author 509
Book Name 510;Author 510
Book Name 511;Author 511
Book Name 512;Author 512
Book Name 513;Author 513
Book Name 514;Author 514
Book Name 515;Author 515
Book Name 516;Author 516
Book Name 517;Author 517
Book Name 518;Author 518
Book Name 519;Author 519
Book Name 520;Author 520
Book Name 521;Author 521
Book Name 522;Author 522
Book Name 523;Author 523
Book Name 524;Author 524
Book Name 525;Author 525
Book Name 526;Author 526
Book Name 527;Author 527
Book Name 528;Author 528
Book Name 529;Author 529
Book Name 530;Author 530
Book Name 531;Author 531
Book Name 532;Author 532
Book Name 533;Author 533
Book Name 534;Author 534
Book Name 535;Author 535
Book Name 536;Author 536
Book Name 537;Author 537
Book Name 538;Author 538
Book Name 539;Author 539
Book Name 540;Author 540
Book Name 541;Author 541
Book Name 542;Author 542
Book Name 543;Author 543
Book Name 544;Author 544
Book Name 545;Author 545
Book Name 546;Author 546
Book Name 547;Author 547
Book Name 548;Author 548
Book Name 549;Author 549
Book Name 550;Author 550
Book Name 551;Author 551
Book Name 552;Author 552
Book Name 553;Author 553
Book Name 554;Author 554
Book Name 555;Author 555
Book Name 556;Author 556
Book Name 557;Author 557
Book Name 558;Author 558
Book Name 559;Author 559
Book Name 560;Author 560
Book Name 561;Author 561
Book Name 562;Author 562
Book Name 563;Author 563
Book Name 564;Author 564
Book Name 565;Author 565
Book Name 566;Author 566
Book Name 567;Author 567
Book Name 568;Author 568
Book Name 569;Author 569
Book Name 570;Author 570
Book Name 571;Author 571
Book Name 572;Author 572
Book Name 573;Author 573
Book Name 574;Author 574
Book Name 575;Author 575
Book Name 576;Author 576
Book Name 577;Author 577
Book Name 578;Author 578
Book Name 579;Author 579
Book Name 580;Author 580
Book Name 581;Author 581
Book Name 582;Author 582
Book Name 583;Author 583
Book Name 584;Author 584
Book Name 585;Author 585
Book Name 586;Author 586
Book Name 587;Author 587
Book Name 588;Author 588
Book Name 589;Author 589
Book Name 590;Author 590
Book Name 591;Author 591
Book Name 592;Author 592
Book Name 593;Author 593
Book Name 594;Author 594
Book Name 595;Author 595
Book Name 596;Author 596
Book Name 597;Author 597
Book Name 598;Author 598
Book Name 599;Author 599
Book Name 600;Author 600
Book Name 601;Author 601
Book Name 602;Author 602
Book Name 603;Author 603
Book Name 604;Author 604
Book Name 605;Author 605
Book Name 606;Author 606
Book Name 607;Author 607
Book Name 608;Author 608
Book Name 609;Author 609
Book Name 610;Author 610
Book Name 611;Author 611
Book Name 612;Author 612
Book Name 613;Author 613
Book Name 614;Author 614
Book Name 615;Author 615
Book Name 616;Author 616
Book Name 617;Author 617
Book Name 618;Author 618
Book Name 619;Author 619
Book Name 620;Author 620
Book Name 621;Author 621
Book Name 622;Author 622
Book Name 623;Author 623
Book Name 624;Author 624
Book Name 625;Author 625
Book Name 626;Author 626
Book Name 627;Author 627
Book Name 628;Author 628
Book Name 629;Author 629
Book Name 630;Author 630
Book Name 631;Author 631
Book Name 632;Author 632
Book Name 633;Author 633
Book Name 634;Author 634
Book Name 635;Author 635
Book Name 636;Author 636
Book Name 637;Author 637
Book Name 638;Author 638
Book Name 639;Author 639
Book Name 640;Author 640
Book Name 641;Author 641
Book Name 642;Author 642
Book Name 643;Author 643
Book Name 644;Author 644
Book Name 645;Author 645
Book Name 646;Author 646
Book Name 647;Author 647
Book Name 648;Author 648
Book Name 649;Author 649
Book Name 650;Author 650
Book Name 651;Author 651
Book Name 652;Author 652
Book Name 653;Author 653
Book Name 654;Author 654
Book Name 655;Author 655
Book Name 656;Author 656
Book Name 657;Author 657
Book Name 658;Author 658
Book Name 659;Author 659
Book Name 660;Author 660
Book Name 661;Author 661
Book Name 662;Author 662
Book Name 663;Author 663
Book Name 664;Author 664
Book Name 665;Author 665
Book Name 666;Author 666
Book Name 667;Author 667
Book Name 668;Author 668
Book Name 669;Author 669
Book Name 670;Author 670
Book Name 671;Author 671
Book Name 672;Author 672
Book Name 673;Author 673
Book Name 674;Author 674
Book Name 675;Author 675
Book Name 676;Author 676
Book Name 677;Author 677
Book Name 678;Author 678
Book Name 679;Author 679
Book Name 680;Author 680
Book Name 681;Author 681
Book Name 682;Author 682
Book Name 683;Author 683
Book Name 684;Author 684
Book Name 685;Author 685
Book Name 686;Author 686
Book Name 687;Author 687
Book Name 688;Author 688
Book Name 689;Author 689
Book Name 690;Author 690
Book Name 691;Author 691
Book Name 692;Author 692
Book Name 693;Author 693
Book Name 694;Author 694
Book Name 695;Author 695
Book Name 696;Author 696
Book Name 697;Author 697
Book Name 698;Author 698
Book Name 699;Author 699
Book Name 700;Author 700
Book Name 701;Author 701
Book Name 702;Author 702
Book Name 703;Author 703
Book Name 704;Author 704
Book Name 705;Author 705
Book Name 706;Author 706
Book Name 707;Author 707
Book Name 708;Author 708
Book Name 709;Author 709
Book Name 710;Author 710
Book Name 711;Author 711
Book Name 712;Author 712
Book Name 713;Author 713
Book Name 714;Author 714
Book Name 715;Author 715
Book Name 716;Author 716
Book Name 717;Author 717
Book Name 718;Author 718
Book Name 719;Author 719
Book Name 720;Author 720
Book Name 721;Author 721
Book Name 722;Author 722
Book Name 723;Author 723
Book Name 724;Author 724
Book Name 725;Author 725
Book Name 726;Author 726
Book Name 727;Author 727
Book Name 728;Author 728
Book Name 729;Author 729
Book Name 730;Author 730
Book Name 731;Author 731
Book Name 732;Author 732
Book Name 733;Author 733
Book Name 734;Author 734
Book Name 735;Author 735
Book Name 736;Author 736
Book Name 737;Author 737
Book Name 738;Author 738
Book Name 739;Author 739
Book Name 740;Author 740
Book Name 741;Author 741
Book Name 742;Author 742
Book Name 743;Author 743
Book Name 744;Author 744
Book Name 745;Author 745
Book Name 746;Author 746
Book Name 747;Author 747
Book Name 748;Author 748
Book Name 749;Author 749
Book Name 750;Author 750
Book Name 751;Author 751
Book Name 752;Author 752
Book Name 753;Author 753
Book Name 754;Author 754
Book Name 755;Author 755
Book Name 756;Author 756
Book Name 757;Author 757
Book Name 758;Author 758
Book Name 759;Author 759
Book Name 760;Author 760
Book Name 761;Author 761
Book Name 762;Author 762
Book Name 763;Author 763
Book Name 764;Author 764
Book Name 765;Author 765
Book Name 766;Author 766
Book Name 767;Author 767
Book Name 768;Author 768
Book Name 769;Author 769
Book Name 770;Author 770
Book Name 771;Author 771
Book Name 772;Author 772
Book Name 773;Author 773
Book Name 774;Author 774
Book Name 775;Author 775
Book Name 776;Author 776
Book Name 777;Author 777
Book Name 778;Author 778
Book Name 779;Author 779
Book Name 780;Author 780
Book Name 781;Author 781
Book Name 782;Author 782
Book Name 783;Author 783
Book Name 784;Author 784
Book Name 785;Author 785
Book Name 786;Author 786
Book Name 787;Author 787
Book Name 788;Author 788
Book Name 789;Author 789
Book Name 790;Author 790
Book Name 791;Author 791
Book Name 792;Author 792
Book Name 793;Author 793
Book Name 794;Author 794
Book Name 795;Author 795
Book Name 796;Author 796
Book Name 797;Author 797
Book Name 798;Author 798
Book Name 799;Author 799
Book Name 800;Author 800
Book Name 801;Author 801
Book Name 802;Author 802
Book Name 803;Author 803
Book Name 804;Author 804
Book Name 805;Author 805
Book Name 806;Author 806
Book Name 807;Author 807
Book Name 808;Author 808
Book Name 809;Author 809
Book Name 810;Author 810
Book Name 811;Author 811
Book Name 812;Author 812
Book Name 813;Author 813
Book Name 814;Author 814
Book Name 815;Author 815
Book Name 816;Author 816
Book Name 817;Author 817
Book Name 818;Author 818
Book Name 819;Author 819
Book Name 820;Author 820
Book Name 821;Author 821
Book Name 822;Author 822
Book Name 823;Author 823
Book Name 824;Author 824
Book Name 825;Author 825
Book Name 826;Author 826
Book Name 827;Author 827
Book Name 828;Author 828
Book Name 829;Author 829
Book Name 830;Author 830
Book Name 831;Author 831
Book Name 832;Author 832
Book Name 833;Author 833
Book Name 834;Author 834
Book Name 835;Author 835
Book Name 836;Author 836
Book Name 837;Author 837
Book Name 838;Author 838
Book Name 839;Author 839
Book Name 840;Author 840
Book Name 841;Author 841
Book Name 842;Author 842
Book Name 843;Author 843
Book Name 844;Author 844
Book Name 845;Author 845
Book Name 846;Author 846
Book Name 847;Author 847
Book Name 848;Author 848
Book Name 849;Author 849
Book Name 850;Author 850
Book Name 851;Author 851
Book Name 852;Author 852
Book Name 853;Author 853
Book Name 854;Author 854
Book Name 855;Author 855
Book Name 856;Author 856
Book Name 857;Author 857
Book Name 858;Author 858
Book Name 859;Author 859
Book Name 860;Author 860
Book Name 861;Author 861
Book Name 862;Author 862
Book Name 863;Author 863
Book Name 864;Author 864
Book Name 865;Author 865
Book Name 866;Author 866
Book Name 867;Author 867
Book Name 868;Author 868
Book Name 869;Author 869
Book Name 870;Author 870
Book Name 871;Author 871
Book Name 872;Author 872
Book Name 873;Author 873
Book Name 874;Author 874
Book Name 875;Author 875
Book Name 876;Author 876
Book Name 877;Author 877
Book Name 878;Author 878
Book Name 879;Author 879
Book Name 880;Author 880
Book Name 881;Author 881
Book Name 882;Author 882
Book Name 883;Author 883
Book Name 884;Author 884
Book Name 885;Author 885
Book Name 886;Author 886
Book Name 887;Author 887
Book Name 888;Author 888
Book Name 889;Author 889
Book Name 890;Author 890
Book Name 891;Author 891
Book Name 892;Author 892
Book Name 893;Author 893
Book Name 894;Author 894
Book Name 895;Author 895
Book Name 896;Author 896
Book Name 897;Author 897
Book Name 898;Author 898
Book Name 899;Author 899
Book Name 900;Author 900
Book Name 901;Author 901
Book Name 902;Author 902
Book Name 903;Author 903
Book Name 904;Author 904
Book Name 905;Author 905
Book Name 906;Author 906
Book Name 907;Author 907
Book Name 908;Author 908
Book Name 909;Author 909
Book Name 910;Author 910
Book Name 911;Author 911
Book Name 912;Author 912
Book Name 913;Author 913
Book Name 914;Author 914
Book Name 915;Author 915
Book Name 916;Author 916
Book Name 917;Author 917
Book Name 918;Author 918
Book Name 919;Author 919
Book Name 920;Author 920
Book Name 921;Author 921
Book Name 922;Author 922
Book Name 923;Author 923
Book Name 924;Author 924
Book Name 925;Author 925
Book Name 926;Author 926
Book Name 927;Author 927
Book Name 928;Author 928
Book Name 929;Author 929
Book Name 930;Author 930
Book Name 931;Author 931
Book Name 932;Author 932
Book Name 933;Author 933
Book Name 934;Author 934
Book Name 935;Author 935
Book Name 936;Author 936
Book Name 937;Author 937
Book Name 938;Author 938
Book Name 939;Author 939
Book Name 940;Author 940
Book Name 941;Author 941
Book Name 942;Author 942
Book Name 943;Author 943
Book Name 944;Author 944
Book Name 945;Author 945
Book Name 946;Author 946
Book Name 947;Author 947
Book Name 948;Author 948
Book Name 949;Author 949
Book Name 950;Author 950
Book Name 951;Author 951
Book Name 952;Author 952
Book Name 953;Author 953
Book Name 954;Author 954
Book Name 955;Author 955
Book Name 956;Author 956
Book Name 957;Author 957
Book Name 958;Author 958
Book Name 959;Author 959
Book Name 960;Author 960
Book Name 961;Author 961
Book Name 962;Author 962
Book Name 963;Author 963
Book Name 964;Author 964
Book Name 965;Author 965
Book Name 966;Author 966
Book Name 967;Author 967
Book Name 968;Author 968
Book Name 969;Author 969
Book Name 970;Author 970
Book Name 971;Author 971
Book Name 972;Author 972
Book Name 973;Author 973
Book Name 974;Author 974
Book Name 975;Author 975
Book Name 976;Author 976
Book Name 977;Author 977
Book Name 978;Author 978
Book Name 979;Author 979
Book Name 980;Author 980
Book Name 981;Author 981
Book Name 982;Author 982
Book Name 983;Author 983
Book Name 984;Author 984
Book Name 985;Author 985
Book Name 986;Author 986
Book Name 987;Author 987
Book Name 988;Author 988
Book Name 989;Author 989
Book Name 990;Author 990
Book Name 991;Author 991
Book Name 992;Author 992
Book Name 993;Author 993
Book Name 994;Author 994
Book Name 995;Author 995
Book Name 996;Author 996
Book Name 997;Author 997
Book Name 998;Author 998
Book Name 999;Author 999
Book Name 1000;Author 1000
Book Name 1001;Author 1001
Book Name 1002;Author 1002
Book Name 1003;Author 1003
Book Name 1004;Author 1004
Book Name 1005;Author 1005
Book Name 1006;Author 1006
Book Name 1007;Author 1007
Book Name 1008;Author 1008
Book Name 1009;Author 1009
Book Name 1010;Author 1010
Book Name 1011;Author 1011
Book Name 1012;Author 1012
Book Name 1013;Author 1013
Book Name 1014;Author 1014
Book Name 1015;Author 1015
Book Name 1016;Author 1016
Book Name 1017;Author 1017
Book Name 1018;Author 1018
Book Name 1019;Author 1019
Book Name 1020;Author 1020
Book Name 1021;Author 1021
Book Name 1022;Author 1022
Book Name 1023;Author 1023
Book Name 1024;Author 1024
Book Name 1025;Author 1025
Book Name 1026;Author 1026
Book Name 1027;Author 1027
Book Name 1028;Author 1028
Book Name 1029;Author 1029
Book Name 1030;Author 1030
Book Name 1031;Author 1031
Book Name 1032;Author 1032
Book Name 1033;Author 1033
Book Name 1034;Author 1034
Book Name 1035;Author 1035
Book Name 1036;Author 1036
Book Name 1037;Author 1037
Book Name 1038;Author 1038
Book Name 1039;Author 1039
Book Name 1040;Author 1040
Book Name 1041;Author 1041
Book Name 1042;Author 1042
Book Name 1043;Author 1043
Book Name 1044;Author 1044
Book Name 1045;Author 1045
Book Name 1046;Author 1046
Book Name 1047;Author 1047
Book Name 1048;Author 1048
Book Name 1049;Author 1049
Book Name 1050;Author 1050
Book Name 1051;Author 1051
Book Name 1052;Author 1052
Book Name 1053;Author 1053
Book Name 1054;Author 1054
Book Name 1055;Author 1055
Book Name 1056;Author 1056
Book Name 1057;Author 1057
Book Name 1058;Author 1058
Book Name 1059;Author 1059
Book Name 1060;Author 1060
Book Name 1061;Author 1061
Book Name 1062;Author 1062
Book Name 1063;Author 1063
Book Name 1064;Author 1064
Book Name 1065;Author 1065
Book Name 1066;Author 1066
Book Name 1067;Author 1067
Book Name 1068;Author 1068
Book Name 1069;Author 1069
Book Name 1070;Author 1070
Book Name 1071;Author 1071
Book Name 1072;Author 1072
Book Name 1073;Author 1073
Book Name 1074;Author 1074
Book Name 1075;Author 1075
Book Name 1076;Author 1076
Book Name 1077;Author 1077
Book Name 1078;Author 1078
Book Name 1079;Author 1079
Book Name 1080;Author 1080
Book Name 1081;Author 1081
Book Name 1082;Author 1082
Book Name 1083;Author 1083
Book Name 1084;Author 1084
Book Name 1085;Author 1085
Book Name 1086;Author 1086
Book Name 1087;Author 1087
Book Name 1088;Author 1088
Book Name 1089;Author 1089
Book Name 1090;Author 1090
Book Name 1091;Author 1091
Book Name 1092;Author 1092
Book Name 1093;Author 1093
Book Name 1094;Author 1094
Book Name 1095;Author 1095
Book Name 1096;Author 1096
Book Name 1097;Author 1097
Book Name 1098;Author 1098
Book Name 1099;Author 1099
Book Name 1100;Author 1100
Book Name 1101;Author 1101
Book Name 1102;Author 1102
Book Name 1103;Author 1103
Book Name 1104;Author 1104
Book Name 1105;Author 1105
Book Name 1106;Author 1106
Book Name 1107;Author 1107
Book Name 1108;Author 1108
Book Name 1109;Author 1109
Book Name 1110;Author 1110
Book Name 1111;Author 1111
Book Name 1112;Author 1112
Book Name 1113;Author 1113
Book Name 1114;Author 1114
Book Name 1115;Author 1115
Book Name 1116;Author 1116
Book Name 1117;Author 1117
Book Name 1118;Author 1118
Book Name 1119;Author 1119
Book Name 1120;Author 1120
Book Name 1121;Author 1121
Book Name 1122;Author 1122
Book Name 1123;Author 1123
Book Name 1124;Author 1124
Book Name 1125;Author 1125
Book Name 1126;Author 1126
Book Name 1127;Author 1127
Book Name 1128;Author 1128
Book Name 1129;Author 1129
Book Name 1130;Author 1130
Book Name 1131;Author 1131
Book Name 1132;Author 1132
Book Name 1133;Author 1133
Book Name 1134;Author 1134
Book Name 1135;Author 1135
Book Name 1136;Author 1136
Book Name 1137;Author 1137
Book Name 1138;Author 1138
Book Name 1139;Author 1139
Book Name 1140;Author 1140
Book Name 1141;Author 1141
Book Name 1142;Author 1142
Book Name 1143;Author 1143
Book Name 1144;Author 1144
Book Name 1145;Author 1145
Book Name 1146;Author 1146
Book Name 1147;Author 1147
Book Name 1148;Author 1148
Book Name 1149;Author 1149
Book Name 1150;Author 1150
Book Name 1151;Author 1151
Book Name 1152;Author 1152
Book Name 1153;Author 1153
Book Name 1154;Author 1154
Book Name 1155;Author 1155
Book Name 1156;Author 1156
Book Name 1157;Author 1157
Book Name 1158;Author 1158
Book Name 1159;Author 1159
Book Name 1160;Author 1160
Book Name 1161;Author 1161
Book Name 1162;Author 1162
Book Name 1163;Author 1163
Book Name 1164;Author 1164
Book Name 1165;Author 1165
Book Name 1166;Author 1166
Book Name 1167;Author 1167
Book Name 1168;Author 1168
Book Name 1169;Author 1169
Book Name 1170;Author 1170
Book Name 1171;Author 1171
Book Name 1172;Author 1172
Book Name 1173;Author 1173
Book Name 1174;Author 1174
Book Name 1175;Author 1175
Book Name 1176;Author 1176
Book Name 1177;Author 1177
Book Name 1178;Author 1178
Book Name 1179;Author 1179
Book Name 1180;Author 1180
Book Name 1181;Author 1181
Book Name 1182;Author 1182
Book Name 1183;Author 1183
Book Name 1184;Author 1184
Book Name 1185;Author 1185
Book Name 1186;Author 1186
Book Name 1187;Author 1187
Book Name 1188;Author 1188
Book Name 1189;Author 1189
Book Name 1190;Author 1190
Book Name 1191;Author 1191
Book Name 1192;Author 1192
Book Name 1193;Author 1193
Book Name 1194;Author 1194
Book Name 1195;Author 1195
Book Name 1196;Author 1196
Book Name 1197;Author 1197
Book Name 1198;Author 1198
Book Name 1199;Author 1199
Book Name 1200;Author 1200
Book Name 1201;Author 1201
Book Name 1202;Author 1202
Book Name 1203;Author 1203
Book Name 1204;Author 1204
Book Name 1205;Author 1205
Book Name 1206;Author 1206
Book Name 1207;Author 1207
Book Name 1208;Author 1208
Book Name 1209;Author 1209
Book Name 1210;Author 1210
Book Name 1211;Author 1211
Book Name 1212;Author 1212
Book Name 1213;Author 1213
Book Name 1214;Author 1214
Book Name 1215;Author 1215
Book Name 1216;Author 1216
Book Name 1217;Author 1217
Book Name 1218;Author 1218
Book Name 1219;Author 1219
Book Name 1220;Author 1220
Book Name 1221;Author 1221
Book Name 1222;Author 1222
Book Name 1223;Author 1223
Book Name 1224;Author 1224
Book Name 1225;Author 1225
Book Name 1226;Author 1226
Book Name 1227;Author 1227
Book Name 1228;Author 1228
Book Name 1229;Author 1229
Book Name 1230;Author 1230
Book Name 1231;Author 1231
Book Name 1232;Author 1232
Book Name 1233;Author 1233
Book Name 1234;Author 1234
Book Name 1235;Author 1235
Book Name 1236;Author 1236
Book Name 1237;Author 1237
Book Name 1238;Author 1238
Book Name 1239;Author 1239
Book Name 1240;Author 1240
Book Name 1241;Author 1241
Book Name 1242;Author 1242
Book Name 1243;Author 1243
Book Name 1244;Author 1244
Book Name 1245;Author 1245
Book Name 1246;Author 1246
Book Name 1247;Author 1247
Book Name 1248;Author 1248
Book Name 1249;Author 1249
Book Name 1250;Author 1250
Book Name 1251;Author 1251
Book Name 1252;Author 1252
Book Name 1253;Author 1253
Book Name 1254;Author 1254
Book Name 1255;Author 1255
Book Name 1256;Author 1256
Book Name 1257;Author 1257
Book Name 1258;Author 1258
Book Name 1259;Author 1259
Book Name 1260;Author 1260
Book Name 1261;Author 1261
Book Name 1262;Author 1262
Book Name 1263;Author 1263
Book Name 1264;Author 1264
Book Name 1265;Author 1265
Book Name 1266;Author 1266
Book Name 1267;Author 1267
Book Name 1268;Author 1268
Book Name 1269;Author 1269
Book Name 1270;Author 1270
Book Name 1271;Author 1271
Book Name 1272;Author 1272
Book Name 1273;Author 1273
Book Name 1274;Author 1274
Book Name 1275;Author 1275
Book Name 1276;Author 1276
Book Name 1277;Author 1277
Book Name 1278;Author 1278
Book Name 1279;Author 1279
Book Name 1280;Author 1280
Book Name 1281;Author 1281
Book Name 1282;Author 1282
Book Name 1283;Author 1283
Book Name 1284;Author 1284
Book Name 1285;Author 1285
Book Name 1286;Author 1286
Book Name 1287;Author 1287
Book Name 1288;Author 1288
Book Name 1289;Author 1289
Book Name 1290;Author 1290
Book Name 1291;Author 1291
Book Name 1292;Author 1292
Book Name 1293;Author 1293
Book Name 1294;Author 1294
Book Name 1295;Author 1295
Book Name 1296;Author 1296
Book Name 1297;Author 1297
Book Name 1298;Author 1298
Book Name 1299;Author 1299
Book Name 1300;Author 1300
Book Name 1301;Author 1301
Book Name 1302;Author 1302
Book Name 1303;Author 1303
Book Name 1304;Author 1304
Book Name 1305;Author 1305
Book Name 1306;Author 1306
Book Name 1307;Author 1307
Book Name 1308;Author 1308
Book Name 1309;Author 1309
Book Name 1310;Author 1310
Book Name 1311;Author 1311
Book Name 1312;Author 1312
Book Name 1313;Author 1313
Book Name 1314;Author 1314
Book Name 1315;Author 1315
Book Name 1316;Author 1316
Book Name 1317;Author 1317
Book Name 1318;Author 1318
Book Name 1319;Author 1319
Book Name 1320;Author 1320
Book Name 1321;Author 1321
Book Name 1322;Author 1322
Book Name 1323;Author 1323
Book Name 1324;Author 1324
Book Name 1325;Author 1325
Book Name 1326;Author 1326
Book Name 1327;Author 1327
Book Name 1328;Author 1328
Book Name 1329;Author 1329
Book Name 1330;Author 1330
Book Name 1331;Author 1331
Book Name 1332;Author 1332
Book Name 1333;Author 1333
Book Name 1334;Author 1334
Book Name 1335;Author 1335
Book Name 1336;Author 1336
Book Name 1337;Author 1337
Book Name 1338;Author 1338
Book Name 1339;Author 1339
Book Name 1340;Author 1340
Book Name 1341;Author 1341
Book Name 1342;Author 1342
Book Name 1343;Author 1343
Book Name 1344;Author 1344
Book Name 1345;Author 1345
Book Name 1346;Author 1346
Book Name 1347;Author 1347
Book Name 1348;Author 1348
Book Name 1349;Author 1349
Book Name 1350;Author 1350
Book Name 1351;Author 1351
Book Name 1352;Author 1352
Book Name 1353;Author 1353
Book Name 1354;Author 1354
Book Name 1355;Author 1355
Book Name 1356;Author 1356
Book Name 1357;Author 1357
Book Name 1358;Author 1358
Book Name 1359;Author 1359
Book Name 1360;Author 1360
Book Name 1361;Author 1361
Book Name 1362;Author 1362
Book Name 1363;Author 1363
Book Name 1364;Author 1364
Book Name 1365;Author 1365
Book Name 1366;Author 1366
Book Name 1367;Author 1367
Book Name 1368;Author 1368
Book Name 1369;Author 1369
Book Name 1370;Author 1370
Book Name 1371;Author 1371
Book Name 1372;Author 1372
Book Name 1373;Author 1373
Book Name 1374;Author 1374
Book Name 1375;Author 1375
Book Name 1376;Author 1376
Book Name 1377;Author 1377
Book Name 1378;Author 1378
Book Name 1379;Author 1379
Book Name 1380;Author 1380
Book Name 1381;Author 1381
Book Name 1382;Author 1382
Book Name 1383;Author 1383
Book Name 1384;Author 1384
Book Name 1385;Author 1385
Book Name 1386;Author 1386
Book Name 1387;Author 1387
Book Name 1388;Author 1388
Book Name 1389;Author 1389
Book Name 1390;Author 1390
Book Name 1391;Author 1391
Book Name 1392;Author 1392
Book Name 1393;Author 1393
Book Name 1394;Author 1394
Book Name 1395;Author 1395
Book Name 1396;Author 1396
Book Name 1397;Author 1397
Book Name 1398;Author 1398
Book Name 1399;Author 1399
Book Name 1400;Author 1400
Book Name 1401;Author 1401
Book Name 1402;Author 1402
Book Name 1403;Author 1403
Book Name 1404;Author 1404
Book Name 1405;Author 1405
Book Name 1406;Author 1406
Book Name 1407;Author 1407
Book Name 1408;Author 1408
Book Name 1409;Author 1409
Book Name 1410;Author 1410
Book Name 1411;Author 1411
Book Name 1412;Author 1412
Book Name 1413;Author 1413
Book Name 1414;Author 1414
Book Name 1415;Author 1415
Book Name 1416;Author 1416
Book Name 1417;Author 1417
Book Name 1418;Author 1418
Book Name 1419;Author 1419
Book Name 1420;Author 1420
Book Name 1421;Author 1421
Book Name 1422;Author 1422
Book Name 1423;Author 1423
Book Name 1424;Author 1424
Book Name 1425;Author 1425
Book Name 1426;Author 1426
Book Name 1427;Author 1427
Book Name 1428;Author 1428
Book Name 1429;Author 1429
Book Name 1430;Author 1430
Book Name 1431;Author 1431
Book Name 1432;Author 1432
Book Name 1433;Author 1433
Book Name 1434;Author 1434
Book Name 1435;Author 1435
Book Name 1436;Author 1436
Book Name 1437;Author 1437
Book Name 1438;Author 1438
Book Name 1439;Author 1439
Book Name 1440;Author 1440
Book Name 1441;Author 1441
Book Name 1442;Author 1442
Book Name 1443;Author 1443
Book Name 1444;Author 1444
Book Name 1445;Author 1445
Book Name 1446;Author 1446
Book Name 1447;Author 1447
Book Name 1448;Author 1448
Book Name 1449;Author 1449
Book Name 1450;Author 1450
Book Name 1451;Author 1451
Book Name 1452;Author 1452
Book Name 1453;Author 1453
Book Name 1454;Author 1454
Book Name 1455;Author 1455
Book Name 1456;Author 1456
Book Name 1457;Author 1457
Book Name 1458;Author 1458
Book Name 1459;Author 1459
Book Name 1460;Author 1460
Book Name 1461;Author 1461
Book Name 1462;Author 1462
Book Name 1463;Author 1463
Book Name 1464;Author 1464
Book Name 1465;Author 1465
Book Name 1466;Author 1466
Book Name 1467;Author 1467
Book Name 1468;Author 1468
Book Name 1469;Author 1469
Book Name 1470;Author 1470
Book Name 1471;Author 1471
Book Name 1472;Author 1472
Book Name 1473;Author 1473
Book Name 1474;Author 1474
Book Name 1475;Author 1475
Book Name 1476;Author 1476
Book Name 1477;Author 1477
Book Name 1478;Author 1478
Book Name 1479;Author 1479
Book Name 1480;Author 1480
Book Name 1481;Author 1481
Book Name 1482;Author 1482
Book Name 1483;Author 1483
Book Name 1484;Author 1484
Book Name 1485;Author 1485
Book Name 1486;Author 1486
Book Name 1487;Author 1487
Book Name 1488;Author 1488
Book Name 1489;Author 1489
Book Name 1490;Author 1490
Book Name 1491;Author 1491
Book Name 1492;Author 1492
Book Name 1493;Author 1493
Book Name 1494;Author 1494
Book Name 1495;Author 1495
Book Name 1496;Author 1496
Book Name 1497;Author 1497
Book Name 1498;Author 1498
Book Name 1499;Author 1499
Book Name 1500;Author 1500
Book Name 1501;Author 1501
Book Name 1502;Author 1502
Book Name 1503;Author 1503
Book Name 1504;Author 1504
Book Name 1505;Author 1505
Book Name 1506;Author 1506
Book Name 1507;Author 1507
Book Name 1508;Author 1508
Book Name 1509;Author 1509
Book Name 1510;Author 1510
Book Name 1511;Author 1511
Book Name 1512;Author 1512
Book Name 1513;Author 1513
Book Name 1514;Author 1514
Book Name 1515;Author 1515
Book Name 1516;Author 1516
Book Name 1517;Author 1517
Book Name 1518;Author 1518
Book Name 1519;Author 1519
Book Name 1520;Author 1520
Book Name 1521;Author 1521
Book Name 1522;Author 1522
Book Name 1523;Author 1523
Book Name 1524;Author 1524
Book Name 1525;Author 1525
Book Name 1526;Author 1526
Book Name 1527;Author 1527
Book Name 1528;Author 1528
Book Name 1529;Author 1529
Book Name 1530;Author 1530
Book Name 1531;Author 1531
Book Name 1532;Author 1532
Book Name 1533;Author 1533
Book Name 1534;Author 1534
Book Name 1535;Author 1535
Book Name 1536;Author 1536
Book Name 1537;Author 1537
Book Name 1538;Author 1538
Book Name 1539;Author 1539
Book Name 1540;Author 1540
Book Name 1541;Author 1541
Book Name 1542;Author 1542
Book Name 1543;Author 1543
Book Name 1544;Author 1544
Book Name 1545;Author 1545
Book Name 1546;Author 1546
Book Name 1547;Author 1547
Book Name 1548;Author 1548
Book Name 1549;Author 1549
Book Name 1550;Author 1550
Book Name 1551;Author 1551
Book Name 1552;Author 1552
Book Name 1553;Author 1553
Book Name 1554;Author 1554
Book Name 1555;Author 1555
Book Name 1556;Author 1556
Book Name 1557;Author 1557
Book Name 1558;Author 1558
Book Name 1559;Author 1559
Book Name 1560;Author 1560
Book Name 1561;Author 1561
Book Name 1562;Author 1562
Book Name 1563;Author 1563
Book Name 1564;Author 1564
Book Name 1565;Author 1565
Book Name 1566;Author 1566
Book Name 1567;Author 1567
Book Name 1568;Author 1568
Book Name 1569;Author 1569
Book Name 1570;Author 1570
Book Name 1571;Author 1571
Book Name 1572;Author 1572
Book Name 1573;Author 1573
Book Name 1574;Author 1574
Book Name 1575;Author 1575
Book Name 1576;Author 1576
Book Name 1577;Author 1577
Book Name 1578;Author 1578
Book Name 1579;Author 1579
Book Name 1580;Author 1580
Book Name 1581;Author 1581
Book Name 1582;Author 1582
Book Name 1583;Author 1583
Book Name 1584;Author 1584
Book Name 1585;Author 1585
Book Name 1586;Author 1586
Book Name 1587;Author 1587
Book Name 1588;Author 1588
Book Name 1589;Author 1589
Book Name 1590;Author 1590
Book Name 1591;Author 1591
Book Name 1592;Author 1592
Book Name 1593;Author 1593
Book Name 1594;Author 1594
Book Name 1595;Author 1595
Book Name 1596;Author 1596
Book Name 1597;Author 1597
Book Name 1598;Author 1598
Book Name 1599;Author 1599
Book Name 1600;Author 1600
Book Name 1601;Author 1601
Book Name 1602;Author 1602
Book Name 1603;Author 1603
Book Name 1604;Author 1604
Book Name 1605;Author 1605
Book Name 1606;Author 1606
Book Name 1607;Author 1607
Book Name 1608;Author 1608
Book Name 1609;Author 1609
Book Name 1610;Author 1610
Book Name 1611;Author 1611
Book Name 1612;Author 1612
Book Name 1613;Author 1613
Book Name 1614;Author 1614
Book Name 1615;Author 1615
Book Name 1616;Author 1616
Book Name 1617;Author 1617
Book Name 1618;Author 1618
Book Name 1619;Author 1619
Book Name 1620;Author 1620
Book Name 1621;Author 1621
Book Name 1622;Author 1622
Book Name 1623;Author 1623
Book Name 1624;Author 1624
Book Name 1625;Author 1625
Book Name 1626;Author 1626
Book Name 1627;Author 1627
Book Name 1628;Author 1628
Book Name 1629;Author 1629
Book Name 1630;Author 1630
Book Name 1631;Author 1631
Book Name 1632;Author 1632
Book Name 1633;Author 1633
Book Name 1634;Author 1634
Book Name 1635;Author 1635
Book Name 1636;Author 1636
Book Name 1637;Author 1637
Book Name 1638;Author 1638
Book Name 1639;Author 1639
Book Name 1640;Author 1640
Book Name 1641;Author 1641
Book Name 1642;Author 1642
Book Name 1643;Author 1643
Book Name 1644;Author 1644
Book Name 1645;Author 1645
Book Name 1646;Author 1646
Book Name 1647;Author 1647
Book Name 1648;Author 1648
Book Name 1649;Author 1649
Book Name 1650;Author 1650
Book Name 1651;Author 1651
Book Name 1652;Author 1652
Book Name 1653;Author 1653
Book Name 1654;Author 1654
Book Name 1655;Author 1655
Book Name 1656;Author 1656
Book Name 1657;Author 1657
Book Name 1658;Author 1658
Book Name 1659;Author 1659
Book Name 1660;Author 1660
Book Name 1661;Author 1661
Book Name 1662;Author 1662
Book Name 1663;Author 1663
Book Name 1664;Author 1664
Book Name 1665;Author 1665
Book Name 1666;Author 1666
Book Name 1667;Author 1667
Book Name 1668;Author 1668
Book Name 1669;Author 1669
Book Name 1670;Author 1670
Book Name 1671;Author 1671
Book Name 1672;Author 1672
Book Name 1673;Author 1673
Book Name 1674;Author 1674
Book Name 1675;Author 1675
Book Name 1676;Author 1676
Book Name 1677;Author 1677
Book Name 1678;Author 1678
Book Name 1679;Author 1679
Book Name 1680;Author 1680
Book Name 1681;Author 1681
Book Name 1682;Author 1682
Book Name 1683;Author 1683
Book Name 1684;Author 1684
Book Name 1685;Author 1685
Book Name 1686;Author 1686
Book Name 1687;Author 1687
Book Name 1688;Author 1688
Book Name 1689;Author 1689
Book Name 1690;Author 1690
Book Name 1691;Author 1691
Book Name 1692;Author 1692
Book Name 1693;Author 1693
Book Name 1694;Author 1694
Book Name 1695;Author 1695
Book Name 1696;Author 1696
Book Name 1697;Author 1697
Book Name 1698;Author 1698
Book Name 1699;Author 1699
Book Name 1700;Author 1700
Book Name 1701;Author 1701
Book Name 1702;Author 1702
Book Name 1703;Author 1703
Book Name 1704;Author 1704
Book Name 1705;Author 1705
Book Name 1706;Author 1706
Book Name 1707;Author 1707
Book Name 1708;Author 1708
Book Name 1709;Author 1709
Book Name 1710;Author 1710
Book Name 1711;Author 1711
Book Name 1712;Author 1712
Book Name 1713;Author 1713
Book Name 1714;Author 1714
Book Name 1715;Author 1715
Book Name 1716;Author 1716
Book Name 1717;Author 1717
Book Name 1718;Author 1718
Book Name 1719;Author 1719
Book Name 1720;Author 1720
Book Name 1721;Author 1721
Book Name 1722;Author 1722
Book Name 1723;Author 1723
Book Name 1724;Author 1724
Book Name 1725;Author 1725
Book Name 1726;Author 1726
Book Name 1727;Author 1727
Book Name 1728;Author 1728
Book Name 1729;Author 1729
Book Name 1730;Author 1730
Book Name 1731;Author 1731
Book Name 1732;Author 1732
Book Name 1733;Author 1733
Book Name 1734;Author 1734
Book Name 1735;Author 1735
Book Name 1736;Author 1736
Book Name 1737;Author 1737
Book Name 1738;Author 1738
Book Name 1739;Author 1739
Book Name 1740;Author 1740
Book Name 1741;Author 1741
Book Name 1742;Author 1742
Book Name 1743;Author 1743
Book Name 1744;Author 1744
Book Name 1745;Author 1745
Book Name 1746;Author 1746
Book Name 1747;Author 1747
Book Name 1748;Author 1748
Book Name 1749;Author 1749
Book Name 1750;Author 1750
Book Name 1751;Author 1751
Book Name 1752;Author 1752
Book Name 1753;Author 1753
Book Name 1754;Author 1754
Book Name 1755;Author 1755
Book Name 1756;Author 1756
Book Name 1757;Author 1757
Book Name 1758;Author 1758
Book Name 1759;Author 1759
Book Name 1760;Author 1760
Book Name 1761;Author 1761
Book Name 1762;Author 1762
Book Name 1763;Author 1763
Book Name 1764;Author 1764
Book Name 1765;Author 1765
Book Name 1766;Author 1766
Book Name 1767;Author 1767
Book Name 1768;Author 1768
Book Name 1769;Author 1769
Book Name 1770;Author 1770
Book Name 1771;Author 1771
Book Name 1772;Author 1772
Book Name 1773;Author 1773
Book Name 1774;Author 1774
Book Name 1775;Author 1775
Book Name 1776;Author 1776
Book Name 1777;Author 1777
Book Name 1778;Author 1778
Book Name 1779;Author 1779
Book Name 1780;Author 1780
Book Name 1781;Author 1781
Book Name 1782;Author 1782
Book Name 1783;Author 1783
Book Name 1784;Author 1784
Book Name 1785;Author 1785
Book Name 1786;Author 1786
Book Name 1787;Author 1787
Book Name 1788;Author 1788
Book Name 1789;Author 1789
Book Name 1790;Author 1790
Book Name 1791;Author 1791
Book Name 1792;Author 1792
Book Name 1793;Author 1793
Book Name 1794;Author 1794
Book Name 1795;Author 1795
Book Name 1796;Author 1796
Book Name 1797;Author 1797
Book Name 1798;Author 1798
Book Name 1799;Author 1799
Book Name 1800;Author 1800
Book Name 1801;Author 1801
Book Name 1802;Author 1802
Book Name 1803;Author 1803
Book Name 1804;Author 1804
Book Name 1805;Author 1805
Book Name 1806;Author 1806
Book Name 1807;Author 1807
Book Name 1808;Author 1808
Book Name 1809;Author 1809
Book Name 1810;Author 1810
Book Name 1811;Author 1811
Book Name 1812;Author 1812
Book Name 1813;Author 1813
Book Name 1814;Author 1814
Book Name 1815;Author 1815
Book Name 1816;Author 1816
Book Name 1817;Author 1817
Book Name 1818;Author 1818
Book Name 1819;Author 1819
Book Name 1820;Author 1820
Book Name 1821;Author 1821
Book Name 1822;Author 1822
Book Name 1823;Author 1823
Book Name 1824;Author 1824
Book Name 1825;Author 1825
Book Name 1826;Author 1826
Book Name 1827;Author 1827
Book Name 1828;Author 1828
Book Name 1829;Author 1829
Book Name 1830;Author 1830
Book Name 1831;Author 1831
Book Name 1832;Author 1832
Book Name 1833;Author 1833
Book Name 1834;Author 1834
Book Name 1835;Author 1835
Book Name 1836;Author 1836
Book Name 1837;Author 1837
Book Name 1838;Author 1838
Book Name 1839;Author 1839
Book Name 1840;Author 1840
Book Name 1841;Author 1841
Book Name 1842;Author 1842
Book Name 1843;Author 1843
Book Name 1844;Author 1844
Book Name 1845;Author 1845
Book Name 1846;Author 1846
Book Name 1847;Author 1847
Book Name 1848;Author 1848
Book Name 1849;Author 1849
Book Name 1850;Author 1850
Book Name 1851;Author 1851
Book Name 1852;Author 1852
Book Name 1853;Author 1853
Book Name 1854;Author 1854
Book Name 1855;Author 1855
Book Name 1856;Author 1856
Book Name 1857;Author 1857
Book Name 1858;Author 1858
Book Name 1859;Author 1859
Book Name 1860;Author 1860
Book Name 1861;Author 1861
Book Name 1862;Author 1862
Book Name 1863;Author 1863
Book Name 1864;Author 1864
Book Name 1865;Author 1865
Book Name 1866;Author 1866
Book Name 1867;Author 1867
Book Name 1868;Author 1868
Book Name 1869;Author 1869
Book Name 1870;Author 1870
Book Name 1871;Author 1871
Book Name 1872;Author 1872
Book Name 1873;Author 1873
Book Name 1874;Author 1874
Book Name 1875;Author 1875
Book Name 1876;Author 1876
Book Name 1877;Author 1877
Book Name 1878;Author 1878
Book Name 1879;Author 1879
Book Name 1880;Author 1880
Book Name 1881;Author 1881
Book Name 1882;Author 1882
Book Name 1883;Author 1883
Book Name 1884;Author 1884
Book Name 1885;Author 1885
Book Name 1886;Author 1886
Book Name 1887;Author 1887
Book Name 1888;Author 1888
Book Name 1889;Author 1889
Book Name 1890;Author 1890
Book Name 1891;Author 1891
Book Name 1892;Author 1892
Book Name 1893;Author 1893
Book Name 1894;Author 1894
Book Name 1895;Author 1895
Book Name 1896;Author 1896
Book Name 1897;Author 1897
Book Name 1898;Author 1898
Book Name 1899;Author 1899
Book Name 1900;Author 1900
Book Name 1901;Author 1901
Book Name 1902;Author 1902
Book Name 1903;Author 1903
Book Name 1904;Author 1904
Book Name 1905;Author 1905
Book Name 1906;Author 1906
Book Name 1907;Author 1907
Book Name 1908;Author 1908
Book Name 1909;Author 1909
Book Name 1910;Author 1910
Book Name 1911;Author 1911
Book Name 1912;Author 1912
Book Name 1913;Author 1913
Book Name 1914;Author 1914
Book Name 1915;Author 1915
Book Name 1916;Author 1916
Book Name 1917;Author 1917
Book Name 1918;Author 1918
Book Name 1919;Author 1919
Book Name 1920;Author 1920
Book Name 1921;Author 1921
Book Name 1922;Author 1922
Book Name 1923;Author 1923
Book Name 1924;Author 1924
Book Name 1925;Author 1925
Book Name 1926;Author 1926
Book Name 1927;Author 1927
Book Name 1928;Author 1928
Book Name 1929;Author 1929
Book Name 1930;Author 1930
Book Name 1931;Author 1931
Book Name 1932;Author 1932
Book Name 1933;Author 1933
Book Name 1934;Author 1934
Book Name 1935;Author 1935
Book Name 1936;Author 1936
Book Name 1937;Author 1937
Book Name 1938;Author 1938
Book Name 1939;Author 1939
Book Name 1940;Author 1940
Book Name 1941;Author 1941
Book Name 1942;Author 1942
Book Name 1943;Author 1943
Book Name 1944;Author 1944
Book Name 1945;Author 1945
Book Name 1946;Author 1946
Book Name 1947;Author 1947
Book Name 1948;Author 1948
Book Name 1949;Author 1949
Book Name 1950;Author 1950
Book Name 1951;Author 1951
Book Name 1952;Author 1952
Book Name 1953;Author 1953
Book Name 1954;Author 1954
Book Name 1955;Author 1955
Book Name 1956;Author 1956
Book Name 1957;Author 1957
Book Name 1958;Author 1958
Book Name 1959;Author 1959
Book Name 1960;Author 1960
Book Name 1961;Author 1961
Book Name 1962;Author 1962
Book Name 1963;Author 1963
Book Name 1964;Author 1964
Book Name 1965;Author 1965
Book Name 1966;Author 1966
Book Name 1967;Author 1967
Book Name 1968;Author 1968
Book Name 1969;Author 1969
Book Name 1970;Author 1970
Book Name 1971;Author 1971
Book Name 1972;Author 1972
Book Name 1973;Author 1973
Book Name 1974;Author 1974
Book Name 1975;Author 1975
Book Name 1976;Author 1976
Book Name 1977;Author 1977
Book Name 1978;Author 1978
Book Name 1979;Author 1979
Book Name 1980;Author 1980
Book Name 1981;Author 1981
Book Name 1982;Author 1982
Book Name 1983;Author 1983
Book Name 1984;Author 1984
Book Name 1985;Author 1985
Book Name 1986;Author 1986
Book Name 1987;Author 1987
Book Name 1988;Author 1988
Book Name 1989;Author 1989
Book Name 1990;Author 1990
Book Name 1991;Author 1991
Book Name 1992;Author 1992
Book Name 1993;Author 1993
Book Name 1994;Author 1994
Book Name 1995;Author 1995
Book Name 1996;Author 1996
Book Name 1997;Author 1997
Book Name 1998;Author 1998
Book Name 1999;Author 1999
Book Name 2000;Author 2000
Book Name 2001;Author 2001
Book Name 2002;Author 2002
Book Name 2003;Author 2003
Book Name 2004;Author 2004
Book Name 2005;Author 2005
Book Name 2006;Author 2006
Book Name 2007;Author 2007
Book Name 2008;Author 2008
Book Name 2009;Author 2009
Book Name 2010;Author 2010
Book Name 2011;Author 2011
Book Name 2012;Author 2012
Book Name 2013;Author 2013
Book Name 2014;Author 2014
Book Name 2015;Author 2015
Book Name 2016;Author 2016
Book Name 2017;Author 2017
Book Name 2018;Author 2018
Book Name 2019;Author 2019
Book Name 2020;Author 2020
Book Name 2021;Author 2021
Book Name 2022;Author 2022
Book Name 2023;Author 2023
Book Name 2024;Author 2024
Book Name 2025;Author 2025
Book Name 2026;Author 2026
Book Name 2027;Author 2027
Book Name 2028;Author 2028
Book Name 2029;Author 2029
Book Name 2030;Author 2030
Book Name 2031;Author 2031
Book Name 2032;Author 2032
Book Name 2033;Author 2033
Book Name 2034;Author 2034
Book Name 2035;Author 2035
Book Name 2036;Author 2036
Book Name 2037;Author 2037
Book Name 2038;Author 2038
Book Name 2039;Author 2039
Book Name 2040;Author 2040
Book Name 2041;Author 2041
Book Name 2042;Author 2042
Book Name 2043;Author 2043
Book Name 2044;Author 2044
